Date;Open;High;Low;Close;Volume;Dividends;Stock Splits
2014-12-04;28200.400390625;30096.900390625;27953.0;28447.69921875;811330;0;0
2014-12-05;26551.19921875;27540.69921875;25974.0;26056.5;377529;0;0
2014-12-08;25231.900390625;26056.5;23582.80078125;23582.80078125;367585;0;0
2014-12-09;23582.80078125;23582.80078125;21274.0;21274.0;570963;0;0
2014-12-10;19789.69921875;20202.0;19212.5;19295.0;539795;0;0
2014-12-11;18635.30078125;19295.0;17398.5;17728.30078125;1053637;0;0
2014-12-12;17645.80078125;19295.0;17233.599609375;19047.599609375;1117064;0;0
2014-12-15;19377.400390625;19872.19921875;18800.19921875;19212.5;1274964;0;0
2014-12-16;18552.900390625;19047.599609375;17316.0;17480.900390625;857050;0;0
2014-12-17;16573.900390625;17728.30078125;16079.2001953125;16409.0;1354314;0;0
2014-12-18;16491.400390625;17645.80078125;16491.400390625;17563.400390625;662974;0;0
2014-12-19;17316.0;17563.400390625;16161.599609375;16738.80078125;518451;0;0
2014-12-22;16491.400390625;17233.599609375;16079.2001953125;16821.30078125;1007310;0;0
2014-12-23;16491.400390625;18470.400390625;16491.400390625;18470.400390625;1508297;0;0
2014-12-24;19954.599609375;20037.099609375;18470.400390625;18800.19921875;1577424;0;0
2014-12-26;17893.19921875;18305.5;16986.19921875;17068.599609375;700848;0;0
2014-12-29;16491.400390625;17893.19921875;15419.5;15914.2001953125;1454027;0;0
2014-12-30;15666.900390625;17233.599609375;14594.900390625;16409.0;1217844;0;0
2014-12-31;15914.2001953125;17480.900390625;15914.2001953125;16903.69921875;796555;0;0
2015-01-02;16903.69921875;16903.69921875;16903.69921875;16903.69921875;0;0;0
2015-01-05;16491.400390625;17316.0;16491.400390625;16821.30078125;396691;0;0
2015-01-06;16491.400390625;18470.400390625;15666.900390625;18470.400390625;1063824;0;0
2015-01-07;20284.5;20284.5;18965.19921875;19872.19921875;1314257;0;0
2015-01-08;19377.400390625;21521.30078125;19377.400390625;20119.599609375;926165;0;0
2015-01-09;20614.30078125;21356.400390625;20119.599609375;20614.30078125;550952;0;0
2015-01-12;21026.599609375;21026.599609375;18717.80078125;18965.19921875;634632;0;0
2015-01-13;18140.599609375;20037.099609375;17728.30078125;19707.30078125;871992;0;0
2015-01-14;18965.19921875;20449.400390625;18965.19921875;20119.599609375;1372020;0;0
2015-01-15;20119.599609375;22098.5;19624.80078125;22098.5;1815717;0;0
2015-01-16;22428.400390625;22923.099609375;21438.900390625;21521.30078125;1239428;0;0
2015-01-20;21109.0;21521.30078125;20944.099609375;21109.0;519663;0;0
2015-01-21;21109.0;22181.0;21026.599609375;21109.0;674289;0;0
2015-01-22;21191.5;21438.900390625;20614.30078125;21026.599609375;421406;0;0
2015-01-23;21851.19921875;21933.599609375;20861.69921875;21851.19921875;891905;0;0
2015-01-26;22181.0;22758.19921875;21026.599609375;22016.099609375;654764;0;0
2015-01-27;22016.099609375;22181.0;20944.099609375;21438.900390625;1206929;0;0
2015-01-28;21026.599609375;21851.19921875;20944.099609375;21438.900390625;366614;0;0
2015-01-29;21026.599609375;22758.19921875;20614.30078125;22758.19921875;680280;0;0
2015-01-30;21933.599609375;23252.900390625;21851.19921875;22923.099609375;741960;0;0
2015-02-02;22263.5;24984.5;22263.5;22840.69921875;506444;0;0
2015-02-03;22263.5;24489.80078125;22263.5;22428.400390625;456855;0;0
2015-02-04;22428.400390625;22428.400390625;21274.0;21356.400390625;744022;0;0
2015-02-05;21109.0;21356.400390625;20366.900390625;20531.80078125;1263200;0;0
2015-02-06;20202.0;21356.400390625;20202.0;20614.30078125;521737;0;0
2015-02-09;20614.30078125;21026.599609375;19295.0;19459.900390625;815425;0;0
2015-02-10;20202.0;20202.0;18140.599609375;18635.30078125;1228273;0;0
2015-02-11;17810.80078125;19459.900390625;17480.900390625;19459.900390625;559563;0;0
2015-02-12;19130.099609375;19872.19921875;18965.19921875;19212.5;647497;0;0
2015-02-13;18965.19921875;19212.5;18635.30078125;18717.80078125;695512;0;0
2015-02-18;18717.80078125;18717.80078125;18717.80078125;18717.80078125;0;0;0
2015-02-19;18717.80078125;18717.80078125;18717.80078125;18717.80078125;0;0;0
2015-02-20;18717.80078125;18717.80078125;18717.80078125;18717.80078125;0;0;0
2015-02-23;18717.80078125;18717.80078125;18717.80078125;18717.80078125;0;0;0
2015-02-24;18717.80078125;18717.80078125;18717.80078125;18717.80078125;0;0;0
2015-02-25;18223.0;19212.5;16903.69921875;17233.599609375;2087919;0;0
2015-02-26;17068.599609375;17563.400390625;16161.599609375;16491.400390625;2290036;0;0
2015-02-27;16573.900390625;17398.5;15419.5;16573.900390625;2978108;0;0
2015-03-02;16244.099609375;16821.30078125;16161.599609375;16409.0;1363737;0;0
2015-03-03;16244.099609375;16738.80078125;15419.5;16244.099609375;2141619;0;0
2015-03-04;13440.5;13440.5;13440.5;13440.5;691146;0;0
2015-03-05;14759.7998046875;14759.7998046875;13687.900390625;13770.400390625;2668293;0;0
2015-03-06;13770.400390625;13852.7998046875;12945.7998046875;13110.7001953125;2289708;0;0
2015-03-09;12945.7998046875;13028.2001953125;12203.7001953125;12698.400390625;3333850;0;0
2015-03-10;12451.0;13275.599609375;12368.599609375;13028.2001953125;1262594;0;0
2015-03-11;12863.2998046875;12945.7998046875;12698.400390625;12698.400390625;929136;0;0
2015-03-12;12533.5;12945.7998046875;12368.599609375;12945.7998046875;841527;0;0
2015-03-13;12780.900390625;13110.7001953125;12698.400390625;12945.7998046875;801385;0;0
2015-03-16;12945.7998046875;12945.7998046875;12616.0;12698.400390625;897556;0;0
2015-03-17;12451.0;13110.7001953125;12368.599609375;13028.2001953125;1163161;0;0
2015-03-18;12863.2998046875;13028.2001953125;12698.400390625;12863.2998046875;916233;0;0
2015-03-19;12698.400390625;13110.7001953125;12698.400390625;12698.400390625;1280688;0;0
2015-03-20;12451.0;12780.900390625;12368.599609375;12698.400390625;670772;0;0
2015-03-23;12616.0;13028.2001953125;12451.0;12616.0;910411;0;0
2015-03-24;12616.0;12616.0;12616.0;12616.0;0;0;0
2015-03-25;12616.0;12616.0;12616.0;12616.0;0;0;0
2015-03-26;12616.0;12616.0;12616.0;12616.0;0;0;0
2015-03-27;12616.0;12616.0;12616.0;12616.0;0;0;0
2015-03-30;12616.0;12616.0;12616.0;12616.0;0;0;0
2015-03-31;12616.0;12616.0;12616.0;12616.0;0;0;0
2015-04-01;12616.0;12616.0;12616.0;12616.0;0;0;0
2015-04-02;12616.0;12616.0;12616.0;12616.0;0;0;0
2015-04-06;12616.0;12616.0;12616.0;12616.0;0;0;0
2015-04-07;12616.0;12616.0;12616.0;12616.0;0;0;0
2015-04-08;12616.0;12616.0;12616.0;12616.0;0;0;0
2015-04-09;12616.0;12616.0;12616.0;12616.0;0;0;0
2015-04-10;12616.0;12616.0;12616.0;12616.0;0;0;0
2015-04-13;12616.0;12616.0;12616.0;12616.0;0;0;0
2015-04-14;12616.0;12616.0;12616.0;12616.0;0;0;0
2015-04-15;12616.0;12616.0;12616.0;12616.0;0;0;0
2015-04-16;12616.0;12616.0;12616.0;12616.0;0;0;0
2015-04-17;12616.0;12616.0;12616.0;12616.0;0;0;0
2015-04-20;12616.0;12616.0;12616.0;12616.0;0;0;0
2015-04-21;12616.0;12616.0;12616.0;12616.0;0;0;0
2015-04-22;12616.0;12616.0;12616.0;12616.0;0;0;0
2015-04-23;12616.0;12616.0;12616.0;12616.0;0;0;0
2015-04-24;12616.0;12616.0;12616.0;12616.0;0;0;0
2015-04-27;12616.0;12616.0;12616.0;12616.0;0;0;0
2015-04-28;12616.0;12616.0;12616.0;12616.0;0;0;0
2015-04-29;12616.0;12616.0;12616.0;12616.0;0;0;0
2015-04-30;12616.0;12616.0;12616.0;12616.0;0;0;0
2015-05-01;12616.0;12616.0;12616.0;12616.0;0;0;0
2015-05-04;12616.0;12616.0;12616.0;12616.0;0;0;0
2015-05-05;12616.0;12616.0;12616.0;12616.0;0;0;0
2015-05-06;12616.0;12616.0;12616.0;12616.0;0;0;0
2015-05-07;12616.0;12616.0;12616.0;12616.0;0;0;0
2015-05-08;12616.0;12616.0;12616.0;12616.0;0;0;0
2015-05-11;12616.0;12616.0;12616.0;12616.0;0;0;0
2015-05-12;12616.0;12616.0;12616.0;12616.0;0;0;0
2015-05-13;12616.0;12616.0;12616.0;12616.0;0;0;0
2015-05-14;12616.0;12616.0;12616.0;12616.0;0;0;0
2015-05-15;12616.0;12616.0;12616.0;12616.0;0;0;0
2015-05-18;12616.0;12616.0;12616.0;12616.0;0;0;0
2015-05-19;12616.0;12616.0;12616.0;12616.0;0;0;0
2015-05-20;12616.0;12616.0;12616.0;12616.0;0;0;0
2015-05-21;7668.52001953125;7998.35009765625;7503.60986328125;7998.35009765625;2720077;0;0
2015-05-22;8245.7197265625;8740.4697265625;7998.35009765625;8740.4697265625;2801489;0;0
2015-05-26;10389.599609375;10389.599609375;8987.83984375;8987.83984375;2989429;0;0
2015-05-27;9070.2900390625;9812.41015625;8740.4697265625;9647.5;2622948;0;0
2015-05-28;9894.8701171875;10472.099609375;9647.5;10059.7998046875;1846933;0;0
2015-05-29;10142.2001953125;10142.2001953125;9317.669921875;9482.580078125;1543831;0;0
2015-06-01;9482.580078125;10142.2001953125;9400.1201171875;9565.0400390625;1508261;0;0
2015-06-02;9565.0400390625;9977.3203125;9565.0400390625;9647.5;1448803;0;0
2015-06-03;9729.9501953125;9977.3203125;9647.5;9894.8701171875;955404;0;0
2015-06-04;9894.8701171875;10884.400390625;9894.8701171875;10884.400390625;2533265;0;0
2015-06-05;11379.099609375;11791.400390625;11131.7001953125;11544.0;3075595;0;0
2015-06-08;11791.400390625;12038.7998046875;11379.099609375;11379.099609375;2134998;0;0
2015-06-09;11379.099609375;11461.599609375;10307.2001953125;10801.900390625;3379207;0;0
2015-06-10;10389.599609375;10884.400390625;10307.2001953125;10637.0;1222488;0;0
2015-06-11;10637.0;11049.2998046875;10389.599609375;10472.099609375;1218911;0;0
2015-06-12;10719.400390625;10966.7998046875;10389.599609375;10801.900390625;2393504;0;0
2015-06-15;10801.900390625;11049.2998046875;10389.599609375;10637.0;1065025;0;0
2015-06-16;10637.0;10719.400390625;9812.41015625;9812.41015625;1482866;0;0
2015-06-17;9812.41015625;9977.3203125;9317.669921875;9317.669921875;1804390;0;0
2015-06-18;8658.009765625;9729.9501953125;8493.08984375;9647.5;1109788;0;0
2015-06-19;9565.0400390625;9729.9501953125;9235.2099609375;9317.669921875;1223556;0;0
2015-06-22;9317.669921875;9647.5;8905.3798828125;9482.580078125;734611;0;0
2015-06-23;9317.669921875;9565.0400390625;9317.669921875;9400.1201171875;518230;0;0
2015-06-24;9152.75;9482.580078125;9070.2900390625;9070.2900390625;3478191;0;0
2015-06-25;9070.2900390625;9152.75;8658.009765625;8658.009765625;2349036;0;0
2015-06-26;8987.83984375;9482.580078125;8493.08984375;9482.580078125;3658745;0;0
2015-06-29;10059.7998046875;10307.2001953125;9647.5;9894.8701171875;3638177;0;0
2015-06-30;9812.41015625;9894.8701171875;9235.2099609375;9235.2099609375;2204072;0;0
2015-07-01;9070.2900390625;9894.8701171875;8493.08984375;9317.669921875;2637974;0;0
2015-07-02;9482.580078125;9729.9501953125;8987.83984375;9647.5;2225651;0;0
2015-07-06;9400.1201171875;9894.8701171875;9400.1201171875;9812.41015625;3223744;0;0
2015-07-07;9647.5;9812.41015625;9482.580078125;9565.0400390625;2374261;0;0
2015-07-08;9400.1201171875;9729.9501953125;9070.2900390625;9235.2099609375;2974524;0;0
2015-07-09;9070.2900390625;9317.669921875;8905.3798828125;9235.2099609375;2095765;0;0
2015-07-10;9235.2099609375;9482.580078125;8987.83984375;8987.83984375;2187461;0;0
2015-07-13;8740.4697265625;9070.2900390625;8575.5498046875;8575.5498046875;2364317;0;0
2015-07-14;8163.27001953125;8987.83984375;8163.27001953125;8822.919921875;2493657;0;0
2015-07-15;7998.35009765625;8822.919921875;7998.35009765625;8410.6396484375;1315373;0;0
2015-07-16;7586.06005859375;8410.6396484375;7586.06005859375;8163.27001953125;1307830;0;0
2015-07-17;7421.14990234375;8493.08984375;7421.14990234375;8163.27001953125;1006728;0;0
2015-07-20;8080.81005859375;8163.27001953125;7833.43994140625;7998.35009765625;1222573;0;0
2015-07-21;7750.97998046875;7998.35009765625;7586.06005859375;7668.52001953125;1179593;0;0
2015-07-22;7586.06005859375;8163.27001953125;7503.60986328125;7915.89013671875;1773780;0;0
2015-07-23;7998.35009765625;7998.35009765625;7750.97998046875;7750.97998046875;1066768;0;0
2015-07-24;7421.14990234375;8080.81005859375;7421.14990234375;7915.89013671875;1207123;0;0
2015-07-27;7173.77978515625;7998.35009765625;7173.77978515625;7668.52001953125;1013495;0;0
2015-07-28;7338.68994140625;8163.27001953125;7338.68994140625;7750.97998046875;1989165;0;0
2015-07-29;7421.14990234375;7915.89013671875;7421.14990234375;7915.89013671875;614537;0;0
2015-07-30;7915.89013671875;8658.009765625;7833.43994140625;8575.5498046875;2359260;0;0
2015-07-31;8575.5498046875;8740.4697265625;8163.27001953125;8163.27001953125;1711194;0;0
2015-08-03;7421.14990234375;8163.27001953125;7421.14990234375;7750.97998046875;1252528;0;0
2015-08-04;7008.85986328125;7998.35009765625;7008.85986328125;7833.43994140625;956253;0;0
2015-08-05;7091.31982421875;8163.27001953125;7091.31982421875;8080.81005859375;925692;0;0
2015-08-06;8080.81005859375;8163.27001953125;7915.89013671875;7915.89013671875;1185221;0;0
2015-08-07;7503.60986328125;7998.35009765625;7503.60986328125;7915.89013671875;880869;0;0
2015-08-10;7503.60986328125;8080.81005859375;7503.60986328125;7833.43994140625;1088322;0;0
2015-08-11;7915.89013671875;8245.7197265625;7915.89013671875;7998.35009765625;1888797;0;0
2015-08-12;7256.240234375;8080.81005859375;7256.240234375;7833.43994140625;987821;0;0
2015-08-13;8575.5498046875;8575.5498046875;7503.60986328125;7668.52001953125;1314864;0;0
2015-08-14;7668.52001953125;7750.97998046875;7503.60986328125;7668.52001953125;1217492;0;0
2015-08-17;7668.52001953125;7833.43994140625;7338.68994140625;7503.60986328125;1268306;0;0
2015-08-18;8245.7197265625;8245.7197265625;7421.14990234375;7668.52001953125;690940;0;0
2015-08-19;8080.81005859375;8080.81005859375;7338.68994140625;7586.06005859375;1926817;0;0
2015-08-20;7833.43994140625;7833.43994140625;7256.240234375;7256.240234375;1094507;0;0
2015-08-21;7915.89013671875;7915.89013671875;6596.580078125;6843.9501953125;2505869;0;0
2015-08-24;6761.490234375;6761.490234375;6184.2900390625;6184.2900390625;2097087;0;0
2015-08-25;5607.08984375;6266.75;5607.08984375;5772.009765625;2736570;0;0
2015-08-26;5194.81005859375;6349.2099609375;5194.81005859375;6349.2099609375;2568459;0;0
2015-08-27;6926.41015625;6926.41015625;6679.0400390625;6926.41015625;3820405;0;0
2015-08-28;7586.06005859375;7586.06005859375;6679.0400390625;6926.41015625;2085445;0;0
2015-08-31;7421.14990234375;7421.14990234375;6596.580078125;6679.0400390625;1625224;0;0
2015-09-01;7338.68994140625;7338.68994140625;6514.1201171875;6596.580078125;1237490;0;0
2015-09-02;6596.580078125;6596.580078125;6596.580078125;6596.580078125;0;0;0
2015-09-03;7173.77978515625;7173.77978515625;6596.580078125;6679.0400390625;2444110;0;0
2015-09-04;7256.240234375;7256.240234375;6596.580078125;6596.580078125;756999;0;0
2015-09-08;6431.66015625;6761.490234375;6431.66015625;6761.490234375;1346516;0;0
2015-09-09;7338.68994140625;7338.68994140625;6679.0400390625;6679.0400390625;1562022;0;0
2015-09-10;7256.240234375;7256.240234375;6596.580078125;6926.41015625;2472070;0;0
2015-09-11;7008.85986328125;7503.60986328125;6843.9501953125;7091.31982421875;3337646;0;0
2015-09-14;7750.97998046875;7750.97998046875;6761.490234375;6761.490234375;1044905;0;0
2015-09-15;6761.490234375;7008.85986328125;6761.490234375;6926.41015625;1917855;0;0
2015-09-16;7421.14990234375;7421.14990234375;6761.490234375;6926.41015625;1178308;0;0
2015-09-17;7338.68994140625;7338.68994140625;6843.9501953125;6843.9501953125;1135073;0;0
2015-09-18;7173.77978515625;7256.240234375;6926.41015625;6926.41015625;1413242;0;0
2015-09-21;7586.06005859375;7586.06005859375;6843.9501953125;7091.31982421875;2265784;0;0
2015-09-22;7709.75;7709.75;7437.64013671875;7437.64013671875;3494561;0;0
2015-09-23;8072.56005859375;8072.56005859375;7346.93994140625;7619.0498046875;923785;0;0
2015-09-24;6893.419921875;8072.56005859375;6893.419921875;7800.4501953125;2846732;0;0
2015-09-25;7709.75;7800.4501953125;7619.0498046875;7619.0498046875;1004609;0;0
2015-09-28;7619.0498046875;7619.0498046875;7256.240234375;7256.240234375;1214624;0;0
2015-09-29;7256.240234375;7437.64013671875;7165.52978515625;7437.64013671875;1674698;0;0
2015-09-30;7528.33984375;7528.33984375;7346.93994140625;7346.93994140625;1103184;0;0
2015-10-01;7437.64013671875;7528.33984375;7346.93994140625;7437.64013671875;763592;0;0
2015-10-02;7437.64013671875;7437.64013671875;7256.240234375;7346.93994140625;756756;0;0
2015-10-05;7346.93994140625;7437.64013671875;7256.240234375;7346.93994140625;790823;0;0
2015-10-06;7437.64013671875;7709.75;7437.64013671875;7709.75;1998943;0;0
2015-10-07;7709.75;7800.4501953125;7437.64013671875;7437.64013671875;875936;0;0
2015-10-08;7528.33984375;7800.4501953125;7437.64013671875;7619.0498046875;2227656;0;0
2015-10-09;7619.0498046875;7709.75;7437.64013671875;7528.33984375;881559;0;0
2015-10-12;7528.33984375;7709.75;7437.64013671875;7528.33984375;1252330;0;0
2015-10-13;7528.33984375;7528.33984375;7437.64013671875;7437.64013671875;992140;0;0
2015-10-14;7528.33984375;7528.33984375;7256.240234375;7346.93994140625;822575;0;0
2015-10-15;7346.93994140625;7437.64013671875;7256.240234375;7346.93994140625;577710;0;0
2015-10-16;7437.64013671875;7528.33984375;7346.93994140625;7346.93994140625;1016505;0;0
2015-10-19;7346.93994140625;7437.64013671875;7256.240234375;7346.93994140625;595240;0;0
2015-10-20;7346.93994140625;7346.93994140625;7165.52978515625;7256.240234375;738012;0;0
2015-10-21;7256.240234375;7256.240234375;6984.1298828125;6984.1298828125;993154;0;0
2015-10-22;6893.419921875;7165.52978515625;6893.419921875;7165.52978515625;781893;0;0
2015-10-23;7256.240234375;7256.240234375;7074.830078125;7165.52978515625;989064;0;0
2015-10-26;7165.52978515625;7165.52978515625;6893.419921875;6893.419921875;803722;0;0
2015-10-27;6893.419921875;6984.1298828125;6893.419921875;6893.419921875;865352;0;0
2015-10-28;6893.419921875;6984.1298828125;6712.02001953125;6712.02001953125;1281921;0;0
2015-10-29;6802.72021484375;6984.1298828125;6712.02001953125;6984.1298828125;2316341;0;0
2015-10-30;7074.830078125;7074.830078125;6802.72021484375;6802.72021484375;695016;0;0
2015-11-02;7437.64013671875;7437.64013671875;6712.02001953125;6802.72021484375;1135354;0;0
2015-11-03;6802.72021484375;6802.72021484375;6712.02001953125;6802.72021484375;1003275;0;0
2015-11-04;7165.52978515625;7165.52978515625;6712.02001953125;6802.72021484375;1066228;0;0
2015-11-05;6712.02001953125;6893.419921875;6712.02001953125;6893.419921875;484218;0;0
2015-11-06;6893.419921875;6893.419921875;6621.31982421875;6621.31982421875;738344;0;0
2015-11-09;6621.31982421875;6802.72021484375;6621.31982421875;6621.31982421875;621590;0;0
2015-11-10;6621.31982421875;6621.31982421875;6439.91015625;6530.60986328125;817394;0;0
2015-11-11;6530.60986328125;6621.31982421875;6349.2099609375;6349.2099609375;785564;0;0
2015-11-12;6349.2099609375;6439.91015625;6167.7998046875;6349.2099609375;547060;0;0
2015-11-13;6258.5;6349.2099609375;6258.5;6258.5;520600;0;0
2015-11-16;6349.2099609375;6802.72021484375;6349.2099609375;6802.72021484375;2716939;0;0
2015-11-17;6893.419921875;7165.52978515625;6712.02001953125;6712.02001953125;1779137;0;0
2015-11-18;6712.02001953125;6802.72021484375;6712.02001953125;6712.02001953125;687740;0;0
2015-11-19;6712.02001953125;6893.419921875;6621.31982421875;6893.419921875;1444275;0;0
2015-11-20;6893.419921875;6984.1298828125;6712.02001953125;6893.419921875;991148;0;0
2015-11-23;6984.1298828125;7346.93994140625;6984.1298828125;7165.52978515625;2890608;0;0
2015-11-24;7256.240234375;7256.240234375;6984.1298828125;7074.830078125;974830;0;0
2015-11-25;6984.1298828125;7709.75;6621.31982421875;7437.64013671875;3418193;0;0
2015-11-27;7437.64013671875;7528.33984375;7074.830078125;7074.830078125;2090526;0;0
2015-11-30;6984.1298828125;7074.830078125;6802.72021484375;6802.72021484375;1839157;0;0
2015-12-01;6712.02001953125;6893.419921875;6621.31982421875;6712.02001953125;1232738;0;0
2015-12-02;6802.72021484375;6893.419921875;6712.02001953125;6802.72021484375;1218020;0;0
2015-12-03;6802.72021484375;7074.830078125;6712.02001953125;6893.419921875;1540800;0;0
2015-12-04;6893.419921875;6893.419921875;6712.02001953125;6802.72021484375;630117;0;0
2015-12-07;6802.72021484375;6802.72021484375;6621.31982421875;6802.72021484375;679079;0;0
2015-12-08;6712.02001953125;6802.72021484375;6621.31982421875;6802.72021484375;692916;0;0
2015-12-09;6802.72021484375;6984.1298828125;6712.02001953125;6712.02001953125;1586707;0;0
2015-12-10;6712.02001953125;6712.02001953125;6439.91015625;6439.91015625;1046173;0;0
2015-12-11;6530.60986328125;6712.02001953125;6439.91015625;6530.60986328125;1623156;0;0
2015-12-14;6621.31982421875;6621.31982421875;6439.91015625;6439.91015625;786038;0;0
2015-12-15;6621.31982421875;6712.02001953125;6439.91015625;6712.02001953125;487944;0;0
2015-12-16;6712.02001953125;6893.419921875;6621.31982421875;6621.31982421875;1148310;0;0
2015-12-17;6712.02001953125;6802.72021484375;6530.60986328125;6621.31982421875;935251;0;0
2015-12-18;6530.60986328125;6712.02001953125;6530.60986328125;6530.60986328125;854449;0;0
2015-12-21;6530.60986328125;6530.60986328125;6349.2099609375;6439.91015625;738488;0;0
2015-12-22;6439.91015625;6621.31982421875;6349.2099609375;6439.91015625;647278;0;0
2015-12-23;7074.830078125;7074.830078125;6258.5;6349.2099609375;457449;0;0
2015-12-24;6439.91015625;6530.60986328125;6349.2099609375;6349.2099609375;453513;0;0
2015-12-28;6258.5;6349.2099609375;6077.10009765625;6077.10009765625;1065103;0;0
2015-12-29;6077.10009765625;6258.5;5895.68994140625;6167.7998046875;1206510;0;0
2015-12-30;6621.31982421875;6621.31982421875;6167.7998046875;6258.5;637565;0;0
2015-12-31;6802.72021484375;6802.72021484375;6167.7998046875;6167.7998046875;389282;0;0
2016-01-04;6258.5;6258.5;6077.10009765625;6077.10009765625;725136;0;0
2016-01-05;6077.10009765625;6077.10009765625;5895.68994140625;5895.68994140625;1114639;0;0
2016-01-06;6077.10009765625;6077.10009765625;5895.68994140625;5986.39013671875;499168;0;0
2016-01-07;6530.60986328125;6530.60986328125;5623.580078125;5623.580078125;1312736;0;0
2016-01-08;6167.7998046875;6167.7998046875;5260.77001953125;5351.47021484375;1425985;0;0
2016-01-11;5351.47021484375;5442.18017578125;5260.77001953125;5351.47021484375;565042;0;0
2016-01-12;5351.47021484375;5804.990234375;5260.77001953125;5804.990234375;1205110;0;0
2016-01-13;5714.2900390625;6077.10009765625;5714.2900390625;5804.990234375;1593565;0;0
2016-01-14;5714.2900390625;5714.2900390625;5442.18017578125;5532.8798828125;1117266;0;0
2016-01-15;5442.18017578125;5623.580078125;5351.47021484375;5351.47021484375;847315;0;0
2016-01-19;4988.66015625;5170.06982421875;4988.66015625;5170.06982421875;971137;0;0
2016-01-20;5170.06982421875;5532.8798828125;4988.66015625;5260.77001953125;1407121;0;0
2016-01-21;5170.06982421875;5442.18017578125;5170.06982421875;5260.77001953125;1217193;0;0
2016-01-22;5351.47021484375;5532.8798828125;5170.06982421875;5442.18017578125;1461309;0;0
2016-01-25;5532.8798828125;5986.39013671875;5532.8798828125;5895.68994140625;1449170;0;0
2016-01-26;5804.990234375;5804.990234375;5532.8798828125;5532.8798828125;1402623;0;0
2016-01-27;5623.580078125;5895.68994140625;5623.580078125;5804.990234375;989913;0;0
2016-01-28;5804.990234375;5804.990234375;5623.580078125;5714.2900390625;729723;0;0
2016-01-29;5714.2900390625;5804.990234375;5623.580078125;5714.2900390625;837216;0;0
2016-02-01;5714.2900390625;5714.2900390625;5532.8798828125;5623.580078125;648303;0;0
2016-02-02;5623.580078125;5623.580078125;5442.18017578125;5532.8798828125;602406;0;0
2016-02-03;5442.18017578125;5623.580078125;5442.18017578125;5532.8798828125;570764;0;0
2016-02-04;5532.8798828125;5623.580078125;5532.8798828125;5532.8798828125;350915;0;0
2016-02-05;5532.8798828125;5714.2900390625;5532.8798828125;5714.2900390625;768608;0;0
2016-02-08;5714.2900390625;5714.2900390625;5714.2900390625;5714.2900390625;0;0;0
2016-02-09;5714.2900390625;5714.2900390625;5714.2900390625;5714.2900390625;0;0;0
2016-02-10;5714.2900390625;5714.2900390625;5714.2900390625;5714.2900390625;0;0;0
2016-02-11;5714.2900390625;5714.2900390625;5714.2900390625;5714.2900390625;0;0;0
2016-02-12;5714.2900390625;5714.2900390625;5714.2900390625;5714.2900390625;0;0;0
2016-02-16;5623.580078125;5714.2900390625;5623.580078125;5714.2900390625;432081;0;0
2016-02-17;5714.2900390625;5895.68994140625;5623.580078125;5714.2900390625;1156908;0;0
2016-02-18;5714.2900390625;5895.68994140625;5714.2900390625;5804.990234375;878847;0;0
2016-02-19;5804.990234375;5804.990234375;5804.990234375;5804.990234375;0;0;0
2016-02-22;5804.990234375;5804.990234375;5804.990234375;5804.990234375;0;0;0
2016-02-23;5804.990234375;5804.990234375;5804.990234375;5804.990234375;0;0;0
2016-02-24;5986.39013671875;6258.5;5986.39013671875;6167.7998046875;1121672;0;0
2016-02-25;6167.7998046875;6167.7998046875;5895.68994140625;5895.68994140625;1067303;0;0
2016-02-26;5895.68994140625;6077.10009765625;5895.68994140625;6077.10009765625;1079579;0;0
2016-02-29;5986.39013671875;6167.7998046875;5986.39013671875;5986.39013671875;1190965;0;0
2016-03-01;5986.39013671875;6077.10009765625;5986.39013671875;6077.10009765625;493060;0;0
2016-03-02;6077.10009765625;6258.5;6077.10009765625;6258.5;1234381;0;0
2016-03-03;6258.5;6258.5;6077.10009765625;6077.10009765625;670740;0;0
2016-03-04;6077.10009765625;6167.7998046875;5986.39013671875;6077.10009765625;858517;0;0
2016-03-07;6077.10009765625;6167.7998046875;5986.39013671875;6077.10009765625;818298;0;0
2016-03-08;6077.10009765625;6258.5;6077.10009765625;6258.5;1570070;0;0
2016-03-09;6258.5;6349.2099609375;6077.10009765625;6167.7998046875;503237;0;0
2016-03-10;6167.7998046875;6349.2099609375;6077.10009765625;6258.5;1345138;0;0
2016-03-11;6258.5;6621.31982421875;6258.5;6439.91015625;3003810;0;0
2016-03-14;6439.91015625;6621.31982421875;6439.91015625;6530.60986328125;983287;0;0
2016-03-15;6621.31982421875;6621.31982421875;6349.2099609375;6349.2099609375;1327070;0;0
2016-03-16;6258.5;6439.91015625;6258.5;6439.91015625;1199101;0;0
2016-03-17;6439.91015625;6621.31982421875;6349.2099609375;6349.2099609375;961236;0;0
2016-03-18;6349.2099609375;6712.02001953125;6349.2099609375;6530.60986328125;3162709;0;0
2016-03-21;6530.60986328125;7074.830078125;6530.60986328125;6893.419921875;4583569;0;0
2016-03-22;6893.419921875;7256.240234375;6802.72021484375;7256.240234375;3441432;0;0
2016-03-23;7256.240234375;7437.64013671875;7256.240234375;7346.93994140625;2246267;0;0
2016-03-24;7346.93994140625;7528.33984375;7256.240234375;7256.240234375;3061290;0;0
2016-03-28;6984.1298828125;6984.1298828125;6893.419921875;6984.1298828125;1438134;0;0
2016-03-29;6984.1298828125;6984.1298828125;6621.31982421875;6712.02001953125;908372;0;0
2016-03-30;6621.31982421875;7074.830078125;6621.31982421875;7074.830078125;1729943;0;0
2016-03-31;6984.1298828125;7074.830078125;6712.02001953125;6802.72021484375;1055842;0;0
2016-04-01;6712.02001953125;7165.52978515625;6621.31982421875;7165.52978515625;2780207;0;0
2016-04-04;7165.52978515625;7256.240234375;6984.1298828125;6984.1298828125;939341;0;0
2016-04-05;6984.1298828125;7165.52978515625;6893.419921875;7074.830078125;1327344;0;0
2016-04-06;7074.830078125;7165.52978515625;6984.1298828125;7074.830078125;614754;0;0
2016-04-07;7074.830078125;7165.52978515625;6984.1298828125;6984.1298828125;893361;0;0
2016-04-08;6984.1298828125;7619.0498046875;6893.419921875;7619.0498046875;3309261;0;0
2016-04-11;7709.75;8344.669921875;7709.75;7981.85986328125;4356706;0;0
2016-04-12;7981.85986328125;8344.669921875;7891.16015625;8163.27001953125;2388292;0;0
2016-04-13;8163.27001953125;8163.27001953125;7891.16015625;8072.56005859375;1821573;0;0
2016-04-14;8072.56005859375;8526.080078125;7981.85986328125;8253.9697265625;2116363;0;0
2016-04-15;8253.9697265625;8253.9697265625;8253.9697265625;8253.9697265625;0;0;0
2016-04-18;8253.9697265625;8253.9697265625;8253.9697265625;8253.9697265625;0;0;0
2016-04-19;8253.9697265625;8253.9697265625;8253.9697265625;8253.9697265625;0;0;0
2016-04-20;7619.0498046875;7800.4501953125;7437.64013671875;7709.75;1518154;0;0
2016-04-21;7800.4501953125;7891.16015625;7619.0498046875;7709.75;555594;0;0
2016-04-22;7709.75;8072.56005859375;7709.75;7981.85986328125;1114881;0;0
2016-04-26;8072.56005859375;8072.56005859375;7800.4501953125;7981.85986328125;965549;0;0
2016-04-27;7981.85986328125;7981.85986328125;7981.85986328125;7981.85986328125;0;0;0
2016-04-28;7981.85986328125;7981.85986328125;7981.85986328125;7981.85986328125;0;0;0
2016-04-29;7981.85986328125;7981.85986328125;7981.85986328125;7981.85986328125;0;0;0
2016-05-02;7981.85986328125;7981.85986328125;7981.85986328125;7981.85986328125;0;0;0
2016-05-03;7981.85986328125;7981.85986328125;7981.85986328125;7981.85986328125;0;0;0
2016-05-04;7981.85986328125;7981.85986328125;7981.85986328125;7981.85986328125;0;0;0
2016-05-05;6984.1298828125;7165.52978515625;6984.1298828125;7074.830078125;614655;0;0
2016-05-06;7074.830078125;7256.240234375;6984.1298828125;7074.830078125;646175;0;0
2016-05-09;7074.830078125;7165.52978515625;6712.02001953125;6712.02001953125;1348544;0;0
2016-05-10;6712.02001953125;6712.02001953125;6712.02001953125;6712.02001953125;0;0;0
2016-05-11;6712.02001953125;6712.02001953125;6712.02001953125;6712.02001953125;0;0;0
2016-05-12;6984.1298828125;7074.830078125;6802.72021484375;6893.419921875;501212;0;0
2016-05-13;6893.419921875;6984.1298828125;6712.02001953125;6802.72021484375;456656;0;0
2016-05-16;6802.72021484375;6802.72021484375;6802.72021484375;6802.72021484375;0;0;0
2016-05-17;6802.72021484375;6802.72021484375;6802.72021484375;6802.72021484375;0;0;0
2016-05-18;6802.72021484375;6802.72021484375;6802.72021484375;6802.72021484375;0;0;0
2016-05-19;6893.419921875;6893.419921875;6712.02001953125;6802.72021484375;209883;0;0
2016-05-20;6802.72021484375;6802.72021484375;6802.72021484375;6802.72021484375;0;0;0
2016-05-23;6802.72021484375;6893.419921875;6621.31982421875;6712.02001953125;551652;0;0
2016-05-24;6712.02001953125;6802.72021484375;6621.31982421875;6802.72021484375;288745;0;0
2016-05-25;6802.72021484375;7074.830078125;6712.02001953125;6802.72021484375;2157835;0;0
2016-05-26;6802.72021484375;6893.419921875;6621.31982421875;6802.72021484375;557424;0;0
2016-05-27;6984.1298828125;7074.830078125;6802.72021484375;6984.1298828125;3320950;0;0
2016-05-31;7346.93994140625;7346.93994140625;6984.1298828125;6984.1298828125;1366009;0;0
2016-06-01;6984.1298828125;7256.240234375;6984.1298828125;7074.830078125;2505887;0;0
2016-06-02;7074.830078125;7165.52978515625;6984.1298828125;7074.830078125;803342;0;0
2016-06-03;7074.830078125;7074.830078125;6984.1298828125;6984.1298828125;1642901;0;0
2016-06-06;6984.1298828125;7074.830078125;6893.419921875;6984.1298828125;704012;0;0
2016-06-07;6984.1298828125;6984.1298828125;6893.419921875;6893.419921875;724166;0;0
2016-06-08;6984.1298828125;7074.830078125;6893.419921875;6984.1298828125;1312493;0;0
2016-06-09;6952.3798828125;7142.85986328125;6666.669921875;6761.89990234375;1704896;0;0
2016-06-10;6761.89990234375;6857.14013671875;6761.89990234375;6761.89990234375;791847;0;0
2016-06-13;6666.669921875;7142.85986328125;6666.669921875;6952.3798828125;2289850;0;0
2016-06-14;6952.3798828125;7333.330078125;6857.14013671875;7238.10009765625;2200128;0;0
2016-06-15;7238.10009765625;7238.10009765625;6952.3798828125;7047.6201171875;955678;0;0
2016-06-16;7047.6201171875;7238.10009765625;6952.3798828125;7142.85986328125;2484531;0;0
2016-06-17;7142.85986328125;7238.10009765625;7047.6201171875;7047.6201171875;1479046;0;0
2016-06-20;7047.6201171875;7142.85986328125;6857.14013671875;6857.14013671875;874136;0;0
2016-06-21;6857.14013671875;7047.6201171875;6761.89990234375;6857.14013671875;2023329;0;0
2016-06-22;6952.3798828125;6952.3798828125;6666.669921875;6666.669921875;822800;0;0
2016-06-23;6666.669921875;6761.89990234375;6666.669921875;6666.669921875;689022;0;0
2016-06-24;6666.669921875;6666.669921875;6000.0;6190.47998046875;4332174;0;0
2016-06-27;6190.47998046875;6380.9501953125;6000.0;6380.9501953125;1450144;0;0
2016-06-28;6285.7099609375;6476.18994140625;6285.7099609375;6380.9501953125;540835;0;0
2016-06-29;6380.9501953125;6761.89990234375;6380.9501953125;6666.669921875;1707678;0;0
2016-06-30;6666.669921875;6857.14013671875;6571.43017578125;6571.43017578125;1216679;0;0
2016-07-01;6571.43017578125;6666.669921875;6476.18994140625;6476.18994140625;952466;0;0
2016-07-05;7142.85986328125;7619.0498046875;7142.85986328125;7238.10009765625;4471359;0;0
2016-07-06;7238.10009765625;7523.81005859375;7142.85986328125;7428.56982421875;1963041;0;0
2016-07-07;7428.56982421875;7619.0498046875;7333.330078125;7428.56982421875;1187256;0;0
2016-07-08;7428.56982421875;7523.81005859375;7047.6201171875;7333.330078125;2137244;0;0
2016-07-11;7428.56982421875;7523.81005859375;6952.3798828125;6952.3798828125;2223639;0;0
2016-07-12;7047.6201171875;7238.10009765625;6952.3798828125;7142.85986328125;1085900;0;0
2016-07-13;7238.10009765625;7333.330078125;7238.10009765625;7238.10009765625;1073320;0;0
2016-07-14;7333.330078125;7333.330078125;6952.3798828125;6952.3798828125;1543955;0;0
2016-07-15;6952.3798828125;7142.85986328125;6952.3798828125;7047.6201171875;1081048;0;0
2016-07-18;7142.85986328125;7238.10009765625;7047.6201171875;7142.85986328125;580057;0;0
2016-07-19;7142.85986328125;7428.56982421875;7047.6201171875;7238.10009765625;1975473;0;0
2016-07-20;7333.330078125;7333.330078125;7047.6201171875;7142.85986328125;818075;0;0
2016-07-21;7142.85986328125;7142.85986328125;6952.3798828125;6952.3798828125;737436;0;0
2016-07-22;6952.3798828125;7142.85986328125;6857.14013671875;7142.85986328125;1570163;0;0
2016-07-25;7142.85986328125;7238.10009765625;7142.85986328125;7238.10009765625;744230;0;0
2016-07-26;7142.85986328125;7238.10009765625;7047.6201171875;7142.85986328125;351278;0;0
2016-07-27;7142.85986328125;7238.10009765625;6952.3798828125;6952.3798828125;718778;0;0
2016-07-28;7047.6201171875;7142.85986328125;6857.14013671875;6952.3798828125;1150961;0;0
2016-07-29;6952.3798828125;7047.6201171875;6857.14013671875;6952.3798828125;528987;0;0
2016-08-01;6857.14013671875;6857.14013671875;6666.669921875;6666.669921875;921346;0;0
2016-08-02;6571.43017578125;6571.43017578125;6285.7099609375;6380.9501953125;1651225;0;0
2016-08-03;6380.9501953125;6571.43017578125;6380.9501953125;6571.43017578125;983769;0;0
2016-08-04;6571.43017578125;6571.43017578125;6476.18994140625;6476.18994140625;1068689;0;0
2016-08-05;6380.9501953125;6380.9501953125;6095.240234375;6285.7099609375;615111;0;0
2016-08-08;6285.7099609375;6285.7099609375;6190.47998046875;6190.47998046875;241904;0;0
2016-08-09;6190.47998046875;6380.9501953125;6190.47998046875;6380.9501953125;189593;0;0
2016-08-10;6380.9501953125;6380.9501953125;6190.47998046875;6380.9501953125;312868;0;0
2016-08-11;6380.9501953125;6571.43017578125;6285.7099609375;6476.18994140625;575182;0;0
2016-08-12;6476.18994140625;6476.18994140625;6190.47998046875;6285.7099609375;501640;0;0
2016-08-15;6190.47998046875;6380.9501953125;6190.47998046875;6285.7099609375;267634;0;0
2016-08-16;6380.9501953125;6571.43017578125;6285.7099609375;6380.9501953125;663769;0;0
2016-08-17;6380.9501953125;6380.9501953125;6285.7099609375;6285.7099609375;251659;0;0
2016-08-18;6285.7099609375;6285.7099609375;6190.47998046875;6285.7099609375;349090;0;0
2016-08-19;6285.7099609375;6285.7099609375;6095.240234375;6095.240234375;489241;0;0
2016-08-22;6095.240234375;6095.240234375;5809.52001953125;5809.52001953125;783438;0;0
2016-08-23;5809.52001953125;5904.759765625;5809.52001953125;5809.52001953125;419550;0;0
2016-08-24;5809.52001953125;6000.0;5809.52001953125;5809.52001953125;371564;0;0
2016-08-25;5809.52001953125;5904.759765625;5714.2900390625;5809.52001953125;279626;0;0
2016-08-26;5809.52001953125;6190.47998046875;5809.52001953125;6095.240234375;819444;0;0
2016-08-29;6190.47998046875;6190.47998046875;5809.52001953125;5809.52001953125;318787;0;0
2016-08-30;5904.759765625;5904.759765625;5809.52001953125;5904.759765625;275691;0;0
2016-08-31;5904.759765625;6000.0;5809.52001953125;5809.52001953125;218510;0;0
2016-09-01;5904.759765625;6000.0;5809.52001953125;5904.759765625;520182;0;0
2016-09-02;5904.759765625;5904.759765625;5904.759765625;5904.759765625;0;0;0
2016-09-06;5619.0498046875;5619.0498046875;5428.56982421875;5428.56982421875;546435;0;0
2016-09-07;5428.56982421875;5428.56982421875;5333.330078125;5333.330078125;577222;0;0
2016-09-08;5333.330078125;5619.0498046875;5333.330078125;5428.56982421875;645734;0;0
2016-09-09;5523.81005859375;5714.2900390625;5428.56982421875;5714.2900390625;914293;0;0
2016-09-12;5714.2900390625;5714.2900390625;5428.56982421875;5619.0498046875;377372;0;0
2016-09-13;5523.81005859375;5523.81005859375;5428.56982421875;5428.56982421875;434705;0;0
2016-09-14;4952.3798828125;5333.330078125;4952.3798828125;5142.85986328125;799507;0;0
2016-09-15;5142.85986328125;5333.330078125;5142.85986328125;5333.330078125;561755;0;0
2016-09-16;4857.14013671875;5428.56982421875;4857.14013671875;5238.10009765625;726552;0;0
2016-09-19;5238.10009765625;5428.56982421875;5238.10009765625;5238.10009765625;219208;0;0
2016-09-20;5333.330078125;5333.330078125;5238.10009765625;5238.10009765625;242927;0;0
2016-09-21;5333.330078125;5333.330078125;5238.10009765625;5333.330078125;180075;0;0
2016-09-22;5238.10009765625;5428.56982421875;5238.10009765625;5333.330078125;319200;0;0
2016-09-23;5333.330078125;5619.0498046875;5333.330078125;5428.56982421875;438629;0;0
2016-09-26;5428.56982421875;5523.81005859375;5238.10009765625;5238.10009765625;581338;0;0
2016-09-27;5238.10009765625;5333.330078125;5238.10009765625;5238.10009765625;237272;0;0
2016-09-28;5238.10009765625;5619.0498046875;5238.10009765625;5428.56982421875;433632;0;0
2016-09-29;5333.330078125;5523.81005859375;5333.330078125;5428.56982421875;684946;0;0
2016-09-30;5428.56982421875;5428.56982421875;5238.10009765625;5428.56982421875;655515;0;0
2016-10-03;5428.56982421875;5428.56982421875;5238.10009765625;5238.10009765625;419007;0;0
2016-10-04;5333.330078125;5714.2900390625;5333.330078125;5523.81005859375;1542535;0;0
2016-10-05;5523.81005859375;5809.52001953125;5523.81005859375;5714.2900390625;852518;0;0
2016-10-06;5714.2900390625;5809.52001953125;5523.81005859375;5714.2900390625;665287;0;0
2016-10-07;5714.2900390625;5809.52001953125;5619.0498046875;5619.0498046875;631850;0;0
2016-10-10;5619.0498046875;5714.2900390625;5523.81005859375;5619.0498046875;390887;0;0
2016-10-11;5619.0498046875;5619.0498046875;5523.81005859375;5619.0498046875;491190;0;0
2016-10-12;5619.0498046875;5809.52001953125;5619.0498046875;5619.0498046875;696184;0;0
2016-10-13;5809.52001953125;6000.0;5714.2900390625;5904.759765625;333466;0;0
2016-10-14;5904.759765625;6095.240234375;5809.52001953125;5809.52001953125;274186;0;0
2016-10-17;5809.52001953125;6000.0;5714.2900390625;5904.759765625;348606;0;0
2016-10-18;5904.759765625;5904.759765625;5809.52001953125;5904.759765625;395378;0;0
2016-10-19;5809.52001953125;6000.0;5809.52001953125;6000.0;543793;0;0
2016-10-20;5904.759765625;6000.0;5904.759765625;6000.0;549045;0;0
2016-10-21;5904.759765625;6000.0;5904.759765625;5904.759765625;477248;0;0
2016-10-24;5904.759765625;6000.0;5904.759765625;5904.759765625;805037;0;0
2016-10-25;5809.52001953125;6000.0;5809.52001953125;5904.759765625;479312;0;0
2016-10-26;5809.52001953125;5904.759765625;5809.52001953125;5809.52001953125;513403;0;0
2016-10-27;5809.52001953125;5809.52001953125;5619.0498046875;5619.0498046875;313724;0;0
2016-10-28;5619.0498046875;5809.52001953125;5619.0498046875;5714.2900390625;358822;0;0
2016-10-31;5714.2900390625;5714.2900390625;5619.0498046875;5619.0498046875;212051;0;0
2016-11-01;5714.2900390625;5809.52001953125;5714.2900390625;5809.52001953125;154004;0;0
2016-11-02;5714.2900390625;5714.2900390625;5619.0498046875;5714.2900390625;137650;0;0
2016-11-03;5619.0498046875;5809.52001953125;5619.0498046875;5714.2900390625;351207;0;0
2016-11-04;5714.2900390625;5714.2900390625;5619.0498046875;5714.2900390625;254866;0;0
2016-11-07;5714.2900390625;5809.52001953125;5619.0498046875;5809.52001953125;181256;0;0
2016-11-08;5809.52001953125;5809.52001953125;5619.0498046875;5809.52001953125;318286;0;0
2016-11-09;5714.2900390625;5714.2900390625;5428.56982421875;5619.0498046875;219261;0;0
2016-11-10;5619.0498046875;5714.2900390625;5619.0498046875;5714.2900390625;358575;0;0
2016-11-11;5714.2900390625;5809.52001953125;5619.0498046875;5809.52001953125;142583;0;0
2016-11-14;5714.2900390625;5714.2900390625;5523.81005859375;5714.2900390625;123764;0;0
2016-11-15;5714.2900390625;5714.2900390625;5714.2900390625;5714.2900390625;96508;0;0
2016-11-16;5714.2900390625;5809.52001953125;5714.2900390625;5714.2900390625;105840;0;0
2016-11-17;5714.2900390625;5714.2900390625;5714.2900390625;5714.2900390625;92645;0;0
2016-11-18;5714.2900390625;5714.2900390625;5619.0498046875;5714.2900390625;247267;0;0
2016-11-21;5714.2900390625;5809.52001953125;5714.2900390625;5809.52001953125;97766;0;0
2016-11-22;5714.2900390625;5714.2900390625;5619.0498046875;5619.0498046875;234423;0;0
2016-11-23;5619.0498046875;5714.2900390625;5619.0498046875;5714.2900390625;46381;0;0
2016-11-25;5619.0498046875;5619.0498046875;5523.81005859375;5523.81005859375;70098;0;0
2016-11-28;5523.81005859375;5523.81005859375;5238.10009765625;5333.330078125;170550;0;0
2016-11-29;5333.330078125;5428.56982421875;5333.330078125;5428.56982421875;35667;0;0
2016-11-30;5428.56982421875;5428.56982421875;5238.10009765625;5238.10009765625;79372;0;0
2016-12-01;5238.10009765625;5333.330078125;5238.10009765625;5238.10009765625;149415;0;0
2016-12-02;5238.10009765625;5238.10009765625;5142.85986328125;5238.10009765625;183822;0;0
2016-12-05;5428.56982421875;5428.56982421875;5047.6201171875;5428.56982421875;81021;0;0
2016-12-06;5238.10009765625;5428.56982421875;5142.85986328125;5333.330078125;127522;0;0
2016-12-07;5142.85986328125;5142.85986328125;5047.6201171875;5142.85986328125;319568;0;0
2016-12-08;5142.85986328125;5238.10009765625;5047.6201171875;5142.85986328125;265795;0;0
2016-12-09;5142.85986328125;5142.85986328125;4952.3798828125;5047.6201171875;139544;0;0
2016-12-12;4952.3798828125;5047.6201171875;4952.3798828125;4952.3798828125;59746;0;0
2016-12-13;4857.14013671875;5047.6201171875;4571.43017578125;5047.6201171875;565362;0;0
2016-12-14;5047.6201171875;5142.85986328125;4666.669921875;5142.85986328125;371096;0;0
2016-12-15;5047.6201171875;5333.330078125;4952.3798828125;5333.330078125;364054;0;0
2016-12-16;5238.10009765625;5333.330078125;5238.10009765625;5238.10009765625;296100;0;0
2016-12-19;5238.10009765625;5523.81005859375;4952.3798828125;5523.81005859375;389582;0;0
2016-12-20;5619.0498046875;5619.0498046875;5333.330078125;5333.330078125;88450;0;0
2016-12-21;5428.56982421875;5428.56982421875;5238.10009765625;5428.56982421875;63052;0;0
2016-12-22;5333.330078125;5428.56982421875;5238.10009765625;5238.10009765625;28953;0;0
2016-12-23;5238.10009765625;5238.10009765625;5238.10009765625;5238.10009765625;7030;0;0
2016-12-27;5142.85986328125;5238.10009765625;5047.6201171875;5142.85986328125;77242;0;0
2016-12-28;5047.6201171875;5238.10009765625;5047.6201171875;5142.85986328125;34762;0;0
2016-12-29;5238.10009765625;5428.56982421875;5047.6201171875;5238.10009765625;59378;0;0
2016-12-30;5047.6201171875;5238.10009765625;5047.6201171875;5238.10009765625;58306;0;0
2017-01-03;4952.3798828125;5238.10009765625;4761.89990234375;5238.10009765625;217416;0;0
2017-01-04;5142.85986328125;5333.330078125;5142.85986328125;5238.10009765625;54528;0;0
2017-01-05;5142.85986328125;5238.10009765625;5047.6201171875;5238.10009765625;38974;0;0
2017-01-06;5142.85986328125;5238.10009765625;5047.6201171875;5047.6201171875;102008;0;0
2017-01-09;4952.3798828125;5142.85986328125;4952.3798828125;5047.6201171875;129879;0;0
2017-01-10;5047.6201171875;5142.85986328125;4952.3798828125;4952.3798828125;41354;0;0
2017-01-11;5047.6201171875;5428.56982421875;5047.6201171875;5333.330078125;163764;0;0
2017-01-12;5238.10009765625;5238.10009765625;5142.85986328125;5238.10009765625;86625;0;0
2017-01-13;5238.10009765625;5333.330078125;5047.6201171875;5047.6201171875;58165;0;0
2017-01-17;5047.6201171875;5142.85986328125;5047.6201171875;5142.85986328125;183776;0;0
2017-01-18;5142.85986328125;5619.0498046875;5142.85986328125;5619.0498046875;1325070;0;0
2017-01-19;5619.0498046875;5809.52001953125;5428.56982421875;5523.81005859375;338152;0;0
2017-01-20;5523.81005859375;5523.81005859375;5428.56982421875;5523.81005859375;163275;0;0
2017-01-23;5428.56982421875;5619.0498046875;5238.10009765625;5523.81005859375;186290;0;0
2017-01-24;5523.81005859375;5714.2900390625;5523.81005859375;5714.2900390625;160440;0;0
2017-01-25;5714.2900390625;6095.240234375;5714.2900390625;6095.240234375;645625;0;0
2017-01-26;6095.240234375;6095.240234375;6095.240234375;6095.240234375;0;0;0
2017-01-27;6095.240234375;6095.240234375;6095.240234375;6095.240234375;0;0;0
2017-01-30;6095.240234375;6095.240234375;6095.240234375;6095.240234375;0;0;0
2017-01-31;6095.240234375;6095.240234375;6095.240234375;6095.240234375;0;0;0
2017-02-01;6095.240234375;6095.240234375;6095.240234375;6095.240234375;0;0;0
2017-02-02;6095.240234375;6095.240234375;6095.240234375;6095.240234375;0;0;0
2017-02-03;5904.759765625;6000.0;5714.2900390625;5714.2900390625;240398;0;0
2017-02-06;5619.0498046875;6000.0;5523.81005859375;6000.0;378240;0;0
2017-02-07;5904.759765625;5904.759765625;5714.2900390625;5809.52001953125;310828;0;0
2017-02-08;5714.2900390625;5809.52001953125;5619.0498046875;5619.0498046875;421583;0;0
2017-02-09;5619.0498046875;5714.2900390625;5619.0498046875;5714.2900390625;48111;0;0
2017-02-10;5619.0498046875;5714.2900390625;5523.81005859375;5619.0498046875;156450;0;0
2017-02-13;5619.0498046875;5809.52001953125;5619.0498046875;5809.52001953125;178710;0;0
2017-02-14;5809.52001953125;5809.52001953125;5523.81005859375;5523.81005859375;204041;0;0
2017-02-16;5619.0498046875;5714.2900390625;5523.81005859375;5523.81005859375;67359;0;0
2017-02-17;5523.81005859375;5714.2900390625;5428.56982421875;5714.2900390625;75154;0;0
2017-02-21;5809.52001953125;5904.759765625;5714.2900390625;5904.759765625;158979;0;0
2017-02-22;5809.52001953125;6095.240234375;5714.2900390625;6000.0;770419;0;0
2017-02-23;6000.0;6095.240234375;5904.759765625;6000.0;266280;0;0
2017-02-24;5904.759765625;6095.240234375;5714.2900390625;5714.2900390625;349766;0;0
2017-02-27;5714.2900390625;5904.759765625;5714.2900390625;5904.759765625;328788;0;0
2017-02-28;5904.759765625;6000.0;5714.2900390625;5809.52001953125;457288;0;0
2017-03-01;5714.2900390625;5809.52001953125;5619.0498046875;5714.2900390625;320376;0;0
2017-03-02;5714.2900390625;5809.52001953125;5619.0498046875;5714.2900390625;175844;0;0
2017-03-03;5619.0498046875;5714.2900390625;5619.0498046875;5714.2900390625;53248;0;0
2017-03-06;5619.0498046875;5714.2900390625;5619.0498046875;5619.0498046875;99910;0;0
2017-03-07;5619.0498046875;5714.2900390625;5619.0498046875;5619.0498046875;57297;0;0
2017-03-08;5619.0498046875;5714.2900390625;5619.0498046875;5619.0498046875;71653;0;0
2017-03-09;5619.0498046875;5714.2900390625;5619.0498046875;5619.0498046875;134684;0;0
2017-03-10;5619.0498046875;5619.0498046875;5619.0498046875;5619.0498046875;65110;0;0
2017-03-13;5619.0498046875;5714.2900390625;5523.81005859375;5714.2900390625;151736;0;0
2017-03-14;5714.2900390625;5714.2900390625;5523.81005859375;5619.0498046875;147353;0;0
2017-03-15;5714.2900390625;5809.52001953125;5619.0498046875;5619.0498046875;51566;0;0
2017-03-16;5619.0498046875;5904.759765625;5619.0498046875;5809.52001953125;290411;0;0
2017-03-17;5904.759765625;6095.240234375;5904.759765625;5904.759765625;905276;0;0
2017-03-20;6000.0;6380.9501953125;6000.0;6380.9501953125;1664848;0;0
2017-03-21;6380.9501953125;6380.9501953125;6190.47998046875;6285.7099609375;608811;0;0
2017-03-22;6190.47998046875;6285.7099609375;6095.240234375;6190.47998046875;565467;0;0
2017-03-23;6190.47998046875;6190.47998046875;6000.0;6095.240234375;496251;0;0
2017-03-24;6095.240234375;6285.7099609375;6095.240234375;6190.47998046875;345555;0;0
2017-03-27;6190.47998046875;6380.9501953125;6095.240234375;6190.47998046875;669128;0;0
2017-03-28;6190.47998046875;6380.9501953125;6095.240234375;6285.7099609375;626258;0;0
2017-03-29;6285.7099609375;6380.9501953125;6190.47998046875;6285.7099609375;386680;0;0
2017-03-30;6285.7099609375;6380.9501953125;6095.240234375;6285.7099609375;267100;0;0
2017-03-31;6190.47998046875;6190.47998046875;6000.0;6000.0;248471;0;0
2017-04-03;6000.0;6000.0;5809.52001953125;5904.759765625;251259;0;0
2017-04-04;5809.52001953125;5904.759765625;5714.2900390625;5714.2900390625;367695;0;0
2017-04-05;5809.52001953125;5904.759765625;5809.52001953125;5809.52001953125;260401;0;0
2017-04-06;5809.52001953125;5809.52001953125;5809.52001953125;5809.52001953125;0;0;0
2017-04-07;5809.52001953125;5809.52001953125;5714.2900390625;5714.2900390625;281820;0;0
2017-04-10;5714.2900390625;5904.759765625;5714.2900390625;5904.759765625;443246;0;0
2017-04-11;5904.759765625;5904.759765625;5714.2900390625;5714.2900390625;320278;0;0
2017-04-12;5714.2900390625;5809.52001953125;5714.2900390625;5714.2900390625;322560;0;0
2017-04-13;5619.0498046875;5714.2900390625;5523.81005859375;5523.81005859375;548530;0;0
2017-04-17;5428.56982421875;5523.81005859375;5333.330078125;5333.330078125;551669;0;0
2017-04-18;5428.56982421875;5619.0498046875;5333.330078125;5619.0498046875;593553;0;0
2017-04-19;5619.0498046875;5619.0498046875;5428.56982421875;5428.56982421875;299250;0;0
2017-04-20;5523.81005859375;5523.81005859375;5428.56982421875;5428.56982421875;669107;0;0
2017-04-21;5523.81005859375;5809.52001953125;5523.81005859375;5714.2900390625;1170014;0;0
2017-04-24;5714.2900390625;6095.240234375;5619.0498046875;5904.759765625;1272714;0;0
2017-04-25;5904.759765625;6095.240234375;5809.52001953125;5904.759765625;788467;0;0
2017-04-26;5904.759765625;6095.240234375;5809.52001953125;6000.0;1659467;0;0
2017-04-27;5904.759765625;6095.240234375;5904.759765625;6095.240234375;777600;0;0
2017-04-28;6000.0;6000.0;5904.759765625;6000.0;410173;0;0
2017-05-01;6000.0;6000.0;6000.0;6000.0;0;0;0
2017-05-02;6000.0;6000.0;6000.0;6000.0;0;0;0
2017-05-03;5904.759765625;6476.18994140625;5714.2900390625;6476.18994140625;1851693;0;0
2017-05-04;6571.43017578125;6761.89990234375;6285.7099609375;6476.18994140625;1776339;0;0
2017-05-05;6476.18994140625;6666.669921875;6380.9501953125;6476.18994140625;974256;0;0
2017-05-08;6476.18994140625;6666.669921875;6285.7099609375;6476.18994140625;1034466;0;0
2017-05-09;6476.18994140625;6761.89990234375;6285.7099609375;6761.89990234375;2695891;0;0
2017-05-10;6857.14013671875;6857.14013671875;6476.18994140625;6571.43017578125;867114;0;0
2017-05-11;6476.18994140625;6857.14013671875;6476.18994140625;6666.669921875;2107258;0;0
2017-05-12;6761.89990234375;6761.89990234375;6476.18994140625;6666.669921875;528654;0;0
2017-05-15;6000.0;6761.89990234375;6000.0;6761.89990234375;943810;0;0
2017-05-16;6761.89990234375;7142.85986328125;6761.89990234375;6857.14013671875;2872122;0;0
2017-05-17;6857.14013671875;7047.6201171875;6666.669921875;6952.3798828125;1492168;0;0
2017-05-18;6952.3798828125;7047.6201171875;6761.89990234375;6761.89990234375;835536;0;0
2017-05-19;6666.669921875;7047.6201171875;6571.43017578125;6666.669921875;2022536;0;0
2017-05-22;6857.14013671875;6857.14013671875;6476.18994140625;6476.18994140625;975146;0;0
2017-05-23;6476.18994140625;6666.669921875;6190.47998046875;6190.47998046875;649875;0;0
2017-05-24;6190.47998046875;6476.18994140625;6095.240234375;6285.7099609375;605220;0;0
2017-05-25;6285.7099609375;6666.669921875;6285.7099609375;6571.43017578125;673179;0;0
2017-05-26;6571.43017578125;6666.669921875;6380.9501953125;6380.9501953125;442449;0;0
2017-05-30;6190.47998046875;6380.9501953125;6000.0;6000.0;633276;0;0
2017-05-31;6095.240234375;6190.47998046875;6000.0;6000.0;646224;0;0
2017-06-01;6095.240234375;6190.47998046875;6095.240234375;6095.240234375;347560;0;0
2017-06-02;6095.240234375;6571.43017578125;6000.0;6476.18994140625;1205737;0;0
2017-06-05;6476.18994140625;6666.669921875;6380.9501953125;6380.9501953125;428190;0;0
2017-06-06;6380.9501953125;6761.89990234375;6380.9501953125;6666.669921875;1173487;0;0
2017-06-07;6666.669921875;6857.14013671875;6571.43017578125;6571.43017578125;1784641;0;0
2017-06-08;6700.0;6900.0;6600.0;6800.0;329504;0;0
2017-06-09;6800.0;6900.0;6700.0;6800.0;529610;0;0
2017-06-12;6800.0;6900.0;6600.0;6800.0;324943;0;0
2017-06-13;6700.0;7200.0;6600.0;7200.0;635950;0;0
2017-06-14;7100.0;7300.0;7000.0;7100.0;944705;0;0
2017-06-15;7000.0;7100.0;6800.0;7000.0;239720;0;0
2017-06-16;6800.0;7000.0;6800.0;7000.0;227900;0;0
2017-06-19;6800.0;6900.0;6800.0;6800.0;205220;0;0
2017-06-20;6900.0;7300.0;6900.0;7100.0;1489922;0;0
2017-06-21;7400.0;7400.0;7000.0;7200.0;380089;0;0
2017-06-22;7100.0;7100.0;6900.0;7000.0;527120;0;0
2017-06-26;7100.0;7100.0;6900.0;7000.0;129248;0;0
2017-06-27;7000.0;7000.0;6800.0;6900.0;248955;0;0
2017-06-28;6900.0;7000.0;6800.0;6900.0;391715;0;0
2017-06-29;6900.0;7200.0;6800.0;7200.0;1288685;0;0
2017-06-30;7200.0;7400.0;7100.0;7100.0;1006527;0;0
2017-07-03;7100.0;7500.0;7000.0;7500.0;2346530;0;0
2017-07-05;7600.0;8000.0;7600.0;8000.0;3107890;0;0
2017-07-06;8000.0;8100.0;7900.0;8000.0;1016004;0;0
2017-07-07;8100.0;8200.0;7600.0;7600.0;2255670;0;0
2017-07-10;7700.0;7700.0;7300.0;7300.0;1290235;0;0
2017-07-11;7200.0;7400.0;7100.0;7300.0;383134;0;0
2017-07-12;7300.0;7500.0;7000.0;7000.0;740081;0;0
2017-07-13;7200.0;7200.0;7000.0;7100.0;241414;0;0
2017-07-14;7200.0;7200.0;7000.0;7100.0;255279;0;0
2017-07-17;7000.0;7100.0;6800.0;6800.0;617068;0;0
2017-07-18;6800.0;6900.0;6700.0;6900.0;386900;0;0
2017-07-19;7000.0;7100.0;6800.0;6800.0;132200;0;0
2017-07-20;6800.0;6900.0;6700.0;6800.0;226600;0;0
2017-07-21;6900.0;7000.0;6800.0;6800.0;2117357;0;0
2017-07-24;6700.0;6800.0;6600.0;6700.0;140262;0;0
2017-07-25;6900.0;6900.0;6700.0;6900.0;138900;0;0
2017-07-26;6900.0;7200.0;6700.0;7000.0;803900;0;0
2017-07-27;7000.0;7100.0;7000.0;7000.0;300976;0;0
2017-07-28;7000.0;7200.0;7000.0;7100.0;195063;0;0
2017-07-31;7200.0;7200.0;7000.0;7100.0;740660;0;0
2017-08-01;7000.0;7300.0;7000.0;7100.0;947270;0;0
2017-08-02;7100.0;7300.0;7000.0;7200.0;357961;0;0
2017-08-03;7200.0;7800.0;7100.0;7800.0;1866200;0;0
2017-08-04;7800.0;7800.0;7800.0;7800.0;0;0;0
2017-08-07;8100.0;8400.0;7800.0;8000.0;1882049;0;0
2017-08-08;8000.0;8300.0;7800.0;7800.0;1854859;0;0
2017-08-09;7800.0;7800.0;7300.0;7600.0;522810;0;0
2017-08-10;7500.0;8100.0;7400.0;7800.0;1250267;0;0
2017-08-11;7800.0;7900.0;7600.0;7900.0;806378;0;0
2017-08-14;7800.0;8000.0;7700.0;7900.0;658289;0;0
2017-08-15;7900.0;7900.0;7600.0;7600.0;131505;0;0
2017-08-16;7600.0;7800.0;7400.0;7800.0;204035;0;0
2017-08-17;7800.0;7800.0;7500.0;7500.0;170831;0;0
2017-08-18;7500.0;7700.0;7400.0;7700.0;453833;0;0
2017-08-21;7500.0;7800.0;7400.0;7800.0;623660;0;0
2017-08-22;7700.0;7800.0;7400.0;7600.0;691385;0;0
2017-08-23;7500.0;7500.0;7100.0;7100.0;579387;0;0
2017-08-24;7300.0;7300.0;7100.0;7100.0;256555;0;0
2017-08-25;7300.0;7700.0;7100.0;7700.0;1106719;0;0
2017-08-28;7500.0;7900.0;7500.0;7800.0;828200;0;0
2017-08-29;7600.0;7800.0;7500.0;7500.0;1016235;0;0
2017-08-30;7500.0;7600.0;7400.0;7400.0;431247;0;0
2017-08-31;7500.0;7800.0;7300.0;7800.0;479465;0;0
2017-09-01;7700.0;7700.0;7500.0;7700.0;210188;0;0
2017-09-05;7600.0;7600.0;7400.0;7500.0;133130;0;0
2017-09-06;7400.0;7500.0;7400.0;7400.0;291377;0;0
2017-09-07;7400.0;7700.0;7400.0;7600.0;563382;0;0
2017-09-08;7600.0;7700.0;7500.0;7600.0;131504;0;0
2017-09-11;7500.0;7500.0;7300.0;7300.0;457203;0;0
2017-09-12;7300.0;7400.0;7300.0;7300.0;43688;0;0
2017-09-13;7300.0;7600.0;7300.0;7600.0;184713;0;0
2017-09-14;7500.0;7500.0;7300.0;7300.0;712162;0;0
2017-09-15;7300.0;7400.0;7300.0;7300.0;124000;0;0
2017-09-18;7400.0;7500.0;7300.0;7300.0;89975;0;0
2017-09-19;7300.0;7400.0;7300.0;7300.0;1006047;0;0
2017-09-20;7300.0;7300.0;7300.0;7300.0;854100;0;0
2017-09-21;7300.0;7500.0;7300.0;7300.0;105277;0;0
2017-09-22;7400.0;7400.0;7300.0;7400.0;227574;0;0
2017-09-25;7400.0;7400.0;7400.0;7400.0;0;0;0
2017-09-26;7400.0;7400.0;7300.0;7300.0;86761;0;0
2017-09-27;7300.0;7300.0;7200.0;7300.0;175518;0;0
2017-09-28;7300.0;7400.0;7200.0;7300.0;65976;0;0
2017-09-29;7300.0;7300.0;7200.0;7200.0;1098658;0;0
2017-10-02;7200.0;7200.0;7000.0;7000.0;83900;0;0
2017-10-03;7100.0;7100.0;6800.0;6800.0;174780;0;0
2017-10-04;6900.0;7000.0;6800.0;7000.0;133000;0;0
2017-10-05;7000.0;7000.0;7000.0;7000.0;123301;0;0
2017-10-06;7000.0;7100.0;7000.0;7000.0;72130;0;0
2017-10-09;7100.0;7200.0;7100.0;7200.0;169210;0;0
2017-10-10;7100.0;7200.0;7100.0;7100.0;182854;0;0
2017-10-11;7100.0;7200.0;7000.0;7000.0;225720;0;0
2017-10-12;7000.0;7000.0;7000.0;7000.0;64595;0;0
2017-10-13;7100.0;7200.0;7000.0;7200.0;126207;0;0
2017-10-16;7100.0;7300.0;7100.0;7100.0;170929;0;0
2017-10-17;7100.0;7300.0;7000.0;7300.0;316879;0;0
2017-10-18;7300.0;7400.0;7200.0;7200.0;360507;0;0
2017-10-19;7200.0;7300.0;7200.0;7200.0;295420;0;0
2017-10-20;7300.0;7400.0;7200.0;7200.0;267807;0;0
2017-10-23;7200.0;7300.0;7200.0;7300.0;851152;0;0
2017-10-24;7300.0;7600.0;7200.0;7500.0;672777;0;0
2017-10-25;7500.0;7700.0;7400.0;7600.0;707998;0;0
2017-10-26;7500.0;7700.0;7300.0;7300.0;320125;0;0
2017-10-27;7400.0;7500.0;7200.0;7400.0;265200;0;0
2017-10-30;7300.0;7500.0;7200.0;7200.0;777200;0;0
2017-10-31;7300.0;7400.0;7100.0;7300.0;576957;0;0
2017-11-01;7200.0;7400.0;7100.0;7100.0;276011;0;0
2017-11-02;7200.0;7400.0;7100.0;7200.0;175842;0;0
2017-11-03;7100.0;7200.0;7000.0;7200.0;269000;0;0
2017-11-06;7100.0;7300.0;7000.0;7300.0;124800;0;0
2017-11-07;7100.0;7300.0;7100.0;7300.0;73500;0;0
2017-11-08;7300.0;7400.0;7200.0;7200.0;258000;0;0
2017-11-09;7200.0;7300.0;7200.0;7300.0;216600;0;0
2017-11-10;7300.0;7300.0;7200.0;7300.0;589610;0;0
2017-11-13;7200.0;7500.0;7200.0;7400.0;836442;0;0
2017-11-14;7400.0;7700.0;7400.0;7600.0;909880;0;0
2017-11-15;7600.0;7700.0;7500.0;7600.0;337045;0;0
2017-11-16;7600.0;7800.0;7500.0;7700.0;605052;0;0
2017-11-17;7700.0;7900.0;7600.0;7700.0;560206;0;0
2017-11-20;7700.0;7800.0;7500.0;7600.0;532595;0;0
2017-11-21;7700.0;8000.0;7700.0;8000.0;1774015;0;0
2017-11-22;8000.0;8400.0;7900.0;8400.0;1732005;0;0
2017-11-24;9200.0;9800.0;9000.0;9800.0;1552117;0;0
2017-11-27;9600.0;10300.0;9500.0;10300.0;1739322;0;0
2017-11-28;10400.0;10500.0;10000.0;10500.0;1170385;0;0
2017-11-29;10500.0;11200.0;9700.0;11100.0;2388533;0;0
2017-11-30;11000.0;11800.0;10800.0;11800.0;2497745;0;0
2017-12-01;12000.0;12600.0;11700.0;12500.0;1990285;0;0
2017-12-04;12500.0;12800.0;11300.0;11300.0;1746192;0;0
2017-12-05;10500.0;11900.0;10300.0;10600.0;2701021;0;0
2017-12-06;10000.0;11200.0;9900.0;11000.0;397309;0;0
2017-12-07;11400.0;11700.0;10800.0;11700.0;882705;0;0
2017-12-08;11700.0;12800.0;11500.0;12600.0;3143645;0;0
2017-12-11;12300.0;12900.0;11600.0;12800.0;1418748;0;0
2017-12-12;12900.0;13000.0;11600.0;12800.0;1499700;0;0
2017-12-13;12700.0;12700.0;11600.0;11600.0;734253;0;0
2017-12-14;10600.0;11600.0;10500.0;11200.0;1517360;0;0
2017-12-15;11100.0;11500.0;10500.0;11300.0;1160557;0;0
2017-12-18;11000.0;11300.0;10500.0;10600.0;1191180;0;0
2017-12-19;10500.0;10600.0;10000.0;10000.0;593042;0;0
2017-12-20;10000.0;10900.0;10000.0;10400.0;1495266;0;0
2017-12-21;10400.0;10800.0;10100.0;10500.0;568177;0;0
2017-12-22;10500.0;10600.0;10100.0;10400.0;453837;0;0
2017-12-26;10100.0;10300.0;9900.0;10300.0;518173;0;0
2017-12-27;10300.0;10500.0;10000.0;10100.0;418200;0;0
2017-12-28;9900.0;10700.0;9900.0;10700.0;351830;0;0
2017-12-29;10700.0;10800.0;10500.0;10600.0;417451;0;0
2018-01-02;10500.0;11000.0;10400.0;11000.0;521304;0;0
2018-01-03;11000.0;11200.0;10600.0;10600.0;179046;0;0
2018-01-04;10800.0;10800.0;10500.0;10500.0;136389;0;0
2018-01-05;10600.0;11200.0;10300.0;10500.0;719293;0;0
2018-01-08;10700.0;10700.0;10500.0;10600.0;151000;0;0
2018-01-10;10400.0;10600.0;10100.0;10400.0;3103874;0;0
2018-01-11;10200.0;10300.0;10000.0;10000.0;2892810;0;0
2018-01-12;10000.0;10300.0;9900.0;9900.0;253147;0;0
2018-01-16;9900.0;10000.0;9600.0;10000.0;298650;0;0
2018-01-17;9900.0;10000.0;9700.0;9700.0;176887;0;0
2018-01-18;9600.0;9800.0;9400.0;9700.0;325768;0;0
2018-01-19;9700.0;10000.0;9500.0;9900.0;256223;0;0
2018-01-22;9900.0;10000.0;9600.0;9800.0;257523;0;0
2018-01-23;9900.0;9900.0;9700.0;9900.0;184915;0;0
2018-01-26;9300.0;9500.0;8400.0;9300.0;277990;0;0
2018-01-30;9700.0;9700.0;9300.0;9300.0;311049;0;0
2018-01-31;9400.0;9400.0;9100.0;9300.0;82483;0;0
